title,sub_title,slug,icon_name
ইতিহাস,,ইতিহাস,landmark
বিজ্ঞান ও প্রযুক্তি,,বিজ্ঞান-ও-প্রযুক্তি,microchip
ভুমিকা,,ভুমিকা,circle-info
রকমারি,,রকমারি,shapes
কবিতা,,কবিতা,feather
জীবনী,,জীবনী,address-card
সম্পাদকীয়,,সম্পাদকীয়,pen-nib
ধর্ম,,ধর্ম,hands-praying
সমাজ ও সংস্কৃতি,,সমাজ-ও-সংস্কৃতি,people-group
পর্যালোচনা,,পর্যালোচনা,magnifying-glass
সাহিত্য,,সাহিত্য,book-open
স্মৃতিচারণ,,স্মৃতিচারণ,clock-rotate-left
সংস্কৃতি,,সংস্কৃতি,masks-theater
পৌরাণিক কাহিনী,,পৌরাণিক-কাহিনী,dragon
ইমার ঠারর এলা,,ইমার-ঠারর-এলা,language
